,URL
0,10.10.200.1/index1.html
1,10.10.200.1/index2.html
2,10.10.200.1/index3.html
3,10.10.200.1/index4.html
4,10.10.200.1/index5.html
5,10.10.200.1/index6.html
6,10.10.200.1/index7.html
7,10.10.200.1/index8.html
8,10.10.200.1/index9.html
9,10.10.200.1/index10.html
10,10.10.200.1/index11.html
11,10.10.200.1/index12.html
12,10.10.200.1/index13.html
13,10.10.200.1/index14.html
14,10.10.200.1/index15.html
15,10.10.200.1/index16.html
16,10.10.200.1/index17.html
17,10.10.200.1/index18.html
18,10.10.200.1/index19.html
19,10.10.200.1/index20.html
20,10.10.200.1/index21.html
21,10.10.200.1/index22.html
22,10.10.200.1/index23.html
23,10.10.200.1/index24.html
24,10.10.200.1/index25.html
25,10.10.200.1/index26.html
26,10.10.200.1/index27.html
27,10.10.200.1/index28.html
28,10.10.200.1/index29.html
29,10.10.200.1/index30.html
30,10.10.200.1/index31.html
31,10.10.200.1/index32.html
32,10.10.200.1/index33.html
33,10.10.200.1/index34.html
34,10.10.200.1/index35.html
35,10.10.200.1/index36.html
36,10.10.200.1/index37.html
37,10.10.200.1/index38.html
38,10.10.200.1/index39.html
39,10.10.200.1/index40.html
40,10.10.200.1/index41.html
41,10.10.200.1/index42.html
42,10.10.200.1/index43.html
43,10.10.200.1/index44.html
44,10.10.200.1/index45.html
45,10.10.200.1/index46.html
46,10.10.200.1/index47.html
47,10.10.200.1/index48.html
48,10.10.200.1/index49.html
49,10.10.200.1/index50.html
50,10.10.200.1/index51.html
51,10.10.200.1/index52.html
52,10.10.200.1/index53.html
53,10.10.200.1/index54.html
54,10.10.200.1/index55.html
55,10.10.200.1/index56.html
56,10.10.200.1/index57.html
57,10.10.200.1/index58.html
58,10.10.200.1/index59.html
59,10.10.200.1/index60.html
60,10.10.200.1/index61.html
61,10.10.200.1/index62.html
62,10.10.200.1/index63.html
63,10.10.200.1/index64.html
64,10.10.200.1/index65.html
65,10.10.200.1/index66.html
66,10.10.200.1/index67.html
67,10.10.200.1/index68.html
68,10.10.200.1/index69.html
69,10.10.200.1/index70.html
70,10.10.200.1/index71.html
71,10.10.200.1/index72.html
72,10.10.200.1/index73.html
73,10.10.200.1/index74.html
74,10.10.200.1/index75.html
75,10.10.200.1/index76.html
76,10.10.200.1/index77.html
77,10.10.200.1/index78.html
78,10.10.200.1/index79.html
79,10.10.200.1/index80.html
80,10.10.200.1/index81.html
81,10.10.200.1/index82.html
82,10.10.200.1/index83.html
83,10.10.200.1/index84.html
84,10.10.200.1/index85.html
85,10.10.200.1/index86.html
86,10.10.200.1/index87.html
87,10.10.200.1/index88.html
88,10.10.200.1/index89.html
89,10.10.200.1/index90.html
90,10.10.200.1/index91.html
91,10.10.200.1/index92.html
92,10.10.200.1/index93.html
93,10.10.200.1/index94.html
94,10.10.200.1/index95.html
95,10.10.200.1/index96.html
96,10.10.200.1/index97.html
97,10.10.200.1/index98.html
98,10.10.200.1/index99.html
99,10.10.200.1/index100.html
